-- phpMyAdmin SQL Dump
-- version 5.1.1
-- https://www.phpmyadmin.net/
--
-- Хост: 127.0.0.1:3306
-- Время создания: Мар 23 2025 г., 16:28
-- Версия сервера: 5.7.33
-- Версия PHP: 7.1.33

SET SQL_MODE = "NO_AUTO_VALUE_ON_ZERO";
START TRANSACTION;
SET time_zone = "+00:00";


/*!40101 SET @OLD_CHARACTER_SET_CLIENT=@@CHARACTER_SET_CLIENT */;
/*!40101 SET @OLD_CHARACTER_SET_RESULTS=@@CHARACTER_SET_RESULTS */;
/*!40101 SET @OLD_COLLATION_CONNECTION=@@COLLATION_CONNECTION */;
/*!40101 SET NAMES utf8mb4 */;

--
-- База данных: `609-31z_f1_project`
--

-- --------------------------------------------------------

--
-- Структура таблицы `d_countries`
--

CREATE TABLE `d_countries` (
  `ID` int(11) NOT NULL COMMENT 'Идентификатор записи (PK)',
  `COUNTRY` varchar(42) NOT NULL COMMENT 'Название страны',
  `COUNRY_ABBR` varchar(3) NOT NULL COMMENT 'Название страны, сокращенно'
) ENGINE=InnoDB DEFAULT CHARSET=utf8 COMMENT='Справочник стран';

--
-- Дамп данных таблицы `d_countries`
--

INSERT INTO `d_countries` (`ID`, `COUNTRY`, `COUNRY_ABBR`) VALUES
(1, 'Bahrain', 'BHR'),
(2, 'United Kingdom', 'GBR'),
(3, 'Germany', 'DEU'),
(4, 'Spain', 'ESP'),
(5, 'Canada', 'CAN'),
(6, 'France', 'FRA'),
(7, 'United States', 'USA'),
(8, 'Austria', 'AUT'),
(9, 'Italy', 'ITA'),
(10, 'Switzerland', 'CHE'),
(11, 'Australia', 'AUS'),
(12, 'Netherlands', 'NLD'),
(13, 'Mexico', 'MEX'),
(14, 'Monaco', 'MCO'),
(15, 'China', 'CHN'),
(17, 'Japan', 'JPN'),
(19, 'Thailand', 'THA'),
(20, 'New Zealand', 'NZL'),
(22, 'Saudi Arabia', 'SAU'),
(23, 'Hungary', 'HUN'),
(24, 'Belgium', 'BEL'),
(25, 'Azerbaijan', 'AZE'),
(26, 'Singapore', 'SGP'),
(27, 'Brazil', 'BRA'),
(28, 'Qatar', 'QAT'),
(29, 'United Arab Emirates', 'ARE'),
(30, 'Denmark', 'DEN'),
(31, 'Argentina', 'ARG'),
(32, 'Finland', 'FIN');

-- --------------------------------------------------------

--
-- Структура таблицы `t_drivers`
--

CREATE TABLE `t_drivers` (
  `ID` int(11) NOT NULL COMMENT 'Идентификатор записи (PK)',
  `DRIVER` varchar(42) NOT NULL COMMENT 'Имя пилота',
  `DRIVER_ABBR` varchar(3) NOT NULL COMMENT 'Имя пилота, сокращенно	',
  `DATE_OF_BIRTH` date NOT NULL COMMENT 'Дата рождения пилота',
  `ID_COUNTRY` int(11) NOT NULL COMMENT 'Идентификатор страны (FK)'
) ENGINE=InnoDB DEFAULT CHARSET=utf8 COMMENT='Таблица пилотов';

--
-- Дамп данных таблицы `t_drivers`
--

INSERT INTO `t_drivers` (`ID`, `DRIVER`, `DRIVER_ABBR`, `DATE_OF_BIRTH`, `ID_COUNTRY`) VALUES
(1, 'Fernando Alonso', 'ALO', '1981-07-29', 4),
(2, 'Lance Stroll', 'STR', '1998-10-29', 5),
(3, 'Lando Norris', 'NOR', '1999-11-13', 2),
(4, 'Oscar Piastri', 'PIA', '2001-04-06', 11),
(5, 'Pierre Gasly', 'GAS', '1996-02-07', 6),
(6, 'Esteban Ocon', 'OCO', '1996-09-17', 6),
(7, 'Lewis Hamilton', 'HAM', '1985-01-07', 2),
(8, 'George Russell', 'RUS', '1998-02-15', 2),
(10, 'Nico Hülkenberg', 'HUL', '1987-08-19', 3),
(11, 'Max Verstappen', 'VER', '1997-09-30', 12),
(13, 'Charles Leclerc', 'LEC', '1997-10-16', 14),
(14, 'Carlos Sainz', 'SAI', '1994-09-01', 4),
(18, 'Yuki Tsunoda', 'TSU', '2000-05-11', 17),
(20, 'Alexander Albon', 'ALB', '1996-05-23', 19),
(21, 'Jack Doohan', 'DOO', '2003-01-20', 11),
(22, 'Liam Lawson', 'LAW', '2002-02-11', 20),
(24, 'Oliver Bearman', 'BEA', '2005-05-08', 2),
(25, 'Andrea Kimi Antonelli', 'ANT', '2006-08-25', 9),
(26, 'Gabriel Bortoleto', 'BOR', '2004-10-14', 27),
(27, 'Isack Hadjar', 'HAD', '2004-09-28', 6),
(28, ' Sergio Pérez', 'PER', '1990-01-26', 13),
(29, 'Kevin Magnussen', 'MAG', '1992-10-05', 30),
(30, 'Daniel Ricciardo', 'RIC', '1989-07-01', 11),
(31, 'Franco Colapinto', 'COL', '2003-03-27', 31),
(32, 'Zhou Guanyu', 'ZHO', '1999-05-30', 15),
(33, 'Valtteri Bottas', 'BOT', '1989-08-28', 32),
(34, 'Logan Sargeant', 'SAR', '2000-12-31', 7);

-- --------------------------------------------------------

--
-- Структура таблицы `t_grand_prix`
--

CREATE TABLE `t_grand_prix` (
  `ID` int(11) NOT NULL COMMENT 'Идентификатор записи (PK)',
  `GRAND_PRIX` varchar(42) NOT NULL COMMENT 'Название Гран При',
  `GP_ABBR` varchar(3) NOT NULL COMMENT 'Название Гран При, сокращенное',
  `ID_COUNTRY` int(11) NOT NULL COMMENT 'Идентификатор страны (FK)'
) ENGINE=InnoDB DEFAULT CHARSET=utf8 COMMENT='Таблица Гран При';

--
-- Дамп данных таблицы `t_grand_prix`
--

INSERT INTO `t_grand_prix` (`ID`, `GRAND_PRIX`, `GP_ABBR`, `ID_COUNTRY`) VALUES
(1, 'Bahrain Grand Prix', 'BHR', 1),
(2, 'Saudi Arabian Grand Prix', 'SAU', 22),
(3, 'Australian Grand Prix', 'AUS', 11),
(4, 'Japan Grand Prix', 'JPN', 17),
(5, 'China Grand Prix', 'CHN', 15),
(6, 'Miami Grand Prix', 'MIA', 7),
(7, 'Emilia Romagna Grand Prix', 'ROM', 9),
(8, 'Monaco Grand Prix', 'MCO', 14),
(9, 'Canadian Grand Prix', 'CAN', 5),
(10, 'Spanish Grand Prix', 'ESP', 4),
(11, 'Austrian Grand Prix', 'AUT', 8),
(12, 'British Grand Prix', 'GBR', 2),
(13, 'Hungarian Grand Prix', 'HUN', 23),
(14, 'Belgian Grand Prix', 'BEL', 24),
(15, 'Dutch Grand Prix', 'NLD', 12),
(16, 'Italian Grand Prix', 'ITA', 9),
(17, 'Azerbaijan Grand Prix', 'AZE', 25),
(18, 'Singapore Grand Prix', 'SGP', 26),
(19, 'US Grand Prix', 'USA', 7),
(20, 'Mexican Grand Prix', 'MEX', 13),
(21, 'Brazilian Grand Prix', 'BRA', 27),
(22, 'Las Vegas Grand Prix', 'LVS', 7),
(23, 'Qatar Grand Prix', 'QAT', 28),
(24, 'Abu Dhabi Grand Prix', 'ARE', 29);

-- --------------------------------------------------------

--
-- Структура таблицы `t_standings`
--

CREATE TABLE `t_standings` (
  `ID` int(11) NOT NULL COMMENT 'Идентификатор записи (PK)',
  `ID_GRAND_PRIX` int(11) NOT NULL COMMENT 'Идентификатор Гран При (FK)',
  `EVENT_DATE` date NOT NULL COMMENT 'Дата проведения Гран При',
  `ID_DRIVER` int(11) NOT NULL COMMENT 'Идентификатор пилота (FK)',
  `GRD` int(2) NOT NULL COMMENT 'Позиция на стартовой решетке',
  `POS` varchar(3) NOT NULL COMMENT 'Позиция по итогам гонки',
  `PTS` int(3) NOT NULL COMMENT 'Количество заработанных очков',
  `PP` tinyint(1) NOT NULL COMMENT 'Pole Position: 1 - Да, 0 - Нет',
  `FL` tinyint(1) NOT NULL COMMENT 'Fastest Lap: 1 - Да, 0 - Нет'
) ENGINE=InnoDB DEFAULT CHARSET=utf8 COMMENT='Турнирная таблица';

--
-- Дамп данных таблицы `t_standings`
--

INSERT INTO `t_standings` (`ID`, `ID_GRAND_PRIX`, `EVENT_DATE`, `ID_DRIVER`, `GRD`, `POS`, `PTS`, `PP`, `FL`) VALUES
(1, 1, '2024-03-02', 11, 1, '1', 26, 1, 1),
(2, 2, '2024-03-09', 11, 1, '1', 25, 1, 0),
(3, 3, '2024-03-24', 11, 1, 'DNF', 0, 1, 0),
(4, 4, '2024-04-07', 11, 1, '1', 26, 1, 1),
(5, 5, '2024-04-21', 11, 1, '1', 33, 1, 0),
(6, 6, '2024-05-05', 11, 1, '2', 26, 1, 0),
(7, 7, '2024-05-19', 11, 1, '1', 25, 1, 0),
(8, 8, '2024-05-26', 11, 6, '6', 8, 0, 0),
(9, 9, '2024-06-09', 11, 2, '1', 25, 0, 0),
(10, 10, '2024-06-23', 11, 2, '1', 25, 0, 0),
(11, 11, '2024-06-30', 11, 1, '5', 18, 1, 0),
(12, 12, '2024-07-07', 11, 4, '2', 18, 0, 0),
(13, 13, '2024-07-21', 11, 3, '5', 10, 0, 0),
(14, 14, '2024-07-28', 11, 11, '4', 12, 0, 0),
(15, 15, '2024-08-25', 11, 2, '2', 18, 0, 0),
(16, 16, '2024-09-01', 11, 7, '6', 8, 0, 0),
(17, 17, '2024-09-15', 11, 6, '5', 10, 0, 0),
(18, 18, '2024-09-22', 11, 2, '2', 18, 0, 0),
(19, 19, '2024-10-20', 11, 2, '3', 23, 0, 0),
(20, 20, '2024-10-27', 11, 2, '6', 8, 0, 0),
(21, 21, '2024-11-03', 11, 17, '1', 31, 0, 1),
(22, 22, '2024-11-23', 11, 5, '5', 10, 0, 0),
(23, 23, '2024-12-01', 11, 2, '1', 26, 0, 0),
(24, 24, '2024-12-08', 11, 4, '6', 8, 0, 0),
(25, 1, '2024-03-02', 3, 7, '6', 8, 0, 0),
(26, 2, '2024-03-09', 3, 6, '8', 4, 0, 0),
(27, 3, '2024-03-24', 3, 3, '3', 15, 0, 0),
(28, 4, '2024-04-07', 3, 3, '5', 10, 0, 0),
(29, 5, '2024-04-21', 3, 4, '2', 21, 0, 0),
(30, 6, '2024-05-05', 3, 5, '1', 25, 0, 0),
(31, 7, '2024-05-19', 3, 2, '2', 18, 0, 0),
(32, 8, '2024-05-26', 3, 4, '4', 12, 0, 0),
(33, 9, '2024-06-09', 3, 3, '2', 18, 0, 0),
(34, 10, '2024-06-23', 3, 1, '2', 19, 1, 1),
(35, 11, '2024-06-30', 3, 2, '20', 6, 0, 0),
(36, 12, '2024-07-07', 3, 3, '3', 15, 0, 0),
(37, 13, '2024-07-21', 3, 1, '2', 18, 1, 0),
(38, 14, '2024-07-28', 3, 4, '5', 10, 0, 0),
(39, 15, '2024-08-25', 3, 1, '1', 26, 1, 1),
(40, 16, '2024-09-01', 3, 1, '3', 16, 1, 1),
(41, 17, '2024-09-15', 3, 15, '4', 13, 0, 1),
(42, 18, '2024-09-22', 3, 1, '1', 25, 1, 0),
(43, 19, '2024-10-20', 3, 1, '4', 18, 1, 0),
(44, 20, '2024-10-27', 3, 3, '2', 18, 0, 0),
(45, 21, '2024-11-03', 3, 1, '6', 16, 1, 0),
(46, 22, '2024-11-23', 3, 6, '6', 9, 0, 1),
(47, 23, '2024-12-01', 3, 3, '10', 9, 0, 1),
(48, 24, '2024-12-08', 3, 1, '1', 25, 1, 0),
(49, 1, '2024-03-02', 13, 2, '4', 12, 0, 0),
(50, 2, '2024-03-09', 13, 2, '3', 16, 0, 1),
(51, 3, '2024-03-24', 13, 4, '2', 19, 0, 1),
(52, 4, '2024-04-07', 13, 8, '4', 12, 0, 0),
(53, 5, '2024-04-21', 13, 6, '4', 17, 0, 0),
(54, 6, '2024-05-05', 13, 2, '3', 22, 0, 0),
(55, 7, '2024-05-19', 13, 3, '3', 15, 0, 0),
(56, 8, '2024-05-26', 13, 1, '1', 25, 1, 0),
(57, 9, '2024-06-09', 13, 11, 'DNF', 0, 0, 0),
(58, 10, '2024-06-23', 13, 5, '5', 10, 0, 0),
(59, 11, '2024-06-30', 13, 6, '11', 2, 0, 0),
(60, 12, '2024-07-07', 13, 11, '14', 0, 0, 0),
(61, 13, '2024-07-21', 13, 6, '4', 12, 0, 0),
(62, 14, '2024-07-28', 13, 1, '3', 15, 1, 0),
(63, 15, '2024-08-25', 13, 6, '3', 15, 0, 0),
(64, 16, '2024-09-01', 13, 4, '1', 25, 0, 0),
(65, 17, '2024-09-15', 13, 1, '2', 18, 1, 0),
(66, 18, '2024-09-22', 13, 9, '5', 10, 0, 0),
(67, 19, '2024-10-20', 13, 4, '1', 30, 0, 0),
(68, 20, '2024-10-27', 13, 4, '3', 16, 0, 1),
(69, 21, '2024-11-03', 13, 6, '5', 16, 0, 0),
(70, 22, '2024-11-23', 13, 4, '4', 12, 0, 0),
(71, 23, '2024-12-01', 13, 5, '2', 22, 0, 0),
(72, 24, '2024-12-08', 13, 19, '3', 15, 0, 0),
(73, 1, '2024-03-02', 4, 8, '8', 4, 0, 0),
(74, 2, '2024-03-09', 4, 5, '4', 12, 0, 0),
(75, 3, '2024-03-24', 4, 5, '4', 12, 0, 0),
(76, 4, '2024-04-07', 4, 6, '8', 4, 0, 0),
(77, 5, '2024-04-21', 4, 5, '8', 6, 0, 0),
(78, 6, '2024-05-05', 4, 6, '13', 3, 0, 1),
(79, 7, '2024-05-19', 4, 5, '4', 12, 0, 0),
(80, 8, '2024-05-26', 4, 2, '2', 18, 0, 0),
(81, 9, '2024-06-09', 4, 4, '5', 10, 0, 0),
(82, 10, '2024-06-23', 4, 9, '7', 6, 0, 0),
(83, 11, '2024-06-30', 4, 7, '2', 25, 0, 0),
(84, 12, '2024-07-07', 4, 5, '4', 12, 0, 0),
(85, 13, '2024-07-21', 4, 2, '1', 25, 0, 0),
(86, 14, '2024-07-28', 4, 5, '2', 18, 0, 0),
(87, 15, '2024-08-25', 4, 3, '4', 12, 0, 0),
(88, 16, '2024-09-01', 4, 2, '2', 18, 0, 0),
(89, 17, '2024-09-15', 4, 2, '1', 25, 0, 0),
(90, 18, '2024-09-22', 4, 5, '3', 15, 0, 0),
(91, 19, '2024-10-20', 4, 5, '5', 10, 0, 0),
(92, 20, '2024-10-27', 4, 17, '8', 4, 0, 0),
(93, 21, '2024-11-03', 4, 8, '8', 11, 0, 0),
(94, 22, '2024-11-23', 4, 8, '7', 6, 0, 0),
(95, 23, '2024-12-01', 4, 4, '3', 23, 0, 0),
(96, 24, '2024-12-08', 4, 2, '10', 1, 0, 0),
(97, 1, '2024-03-02', 14, 4, '3', 15, 0, 0),
(98, 3, '2024-03-24', 14, 2, '1', 25, 0, 0),
(99, 4, '2024-04-07', 14, 4, '3', 15, 0, 0),
(100, 5, '2024-04-21', 14, 7, '5', 14, 0, 0),
(101, 6, '2024-05-05', 14, 3, '5', 14, 0, 0),
(102, 7, '2024-05-19', 14, 4, '5', 10, 0, 0),
(103, 8, '2024-05-26', 14, 3, '3', 15, 0, 0),
(104, 9, '2024-06-09', 14, 12, 'DNF', 0, 0, 0),
(105, 10, '2024-06-23', 14, 6, '6', 8, 0, 0),
(106, 11, '2024-06-30', 14, 4, '3', 19, 0, 0),
(107, 12, '2024-07-07', 14, 7, '5', 11, 0, 1),
(108, 13, '2024-07-21', 14, 4, '6', 8, 0, 0),
(109, 14, '2024-07-28', 14, 7, '6', 8, 0, 0),
(110, 15, '2024-08-25', 14, 10, '5', 10, 0, 0),
(111, 16, '2024-09-01', 14, 5, '4', 12, 0, 0),
(112, 17, '2024-09-15', 14, 3, '18', 0, 0, 0),
(113, 18, '2024-09-22', 14, 10, '7', 6, 0, 0),
(114, 19, '2024-10-20', 14, 3, '2', 25, 0, 0),
(115, 20, '2024-10-27', 14, 1, '1', 25, 1, 0),
(116, 21, '2024-11-03', 14, 20, 'DNF', 4, 0, 0),
(117, 22, '2024-11-23', 14, 2, '3', 15, 0, 0),
(118, 23, '2024-12-01', 14, 7, '6', 13, 0, 0),
(119, 24, '2024-12-08', 14, 3, '2', 18, 0, 0),
(120, 1, '2024-03-02', 8, 3, '5', 10, 0, 0),
(121, 2, '2024-03-09', 8, 7, '6', 8, 0, 0),
(122, 3, '2024-03-24', 8, 7, '17', 0, 0, 0),
(123, 4, '2024-04-07', 8, 9, '7', 6, 0, 0),
(124, 5, '2024-04-21', 8, 8, '6', 9, 0, 0),
(125, 6, '2024-05-05', 8, 7, '8', 4, 0, 0),
(126, 7, '2024-05-19', 8, 6, '7', 7, 0, 1),
(127, 8, '2024-05-26', 8, 5, '5', 10, 0, 0),
(128, 9, '2024-06-09', 8, 1, '3', 15, 1, 0),
(129, 10, '2024-06-23', 8, 4, '4', 12, 0, 0),
(130, 11, '2024-06-30', 8, 3, '1', 30, 0, 0),
(131, 12, '2024-07-07', 8, 1, 'DNF', 0, 1, 0),
(132, 13, '2024-07-21', 8, 17, '8', 5, 0, 1),
(133, 14, '2024-07-28', 8, 6, 'DSQ', 0, 0, 0),
(134, 15, '2024-08-25', 8, 4, '7', 6, 0, 0),
(135, 16, '2024-09-01', 8, 3, '7', 6, 0, 0),
(136, 17, '2024-09-15', 8, 5, '3', 15, 0, 0),
(137, 18, '2024-09-22', 8, 4, '4', 12, 0, 0),
(138, 19, '2024-10-20', 8, 20, '6', 12, 0, 0),
(139, 20, '2024-10-27', 8, 5, '5', 10, 0, 0),
(140, 21, '2024-11-03', 8, 2, '4', 15, 0, 0),
(141, 22, '2024-11-23', 8, 1, '1', 25, 1, 0),
(142, 23, '2024-12-01', 8, 1, '4', 18, 1, 0),
(143, 24, '2024-12-08', 8, 6, '5', 10, 0, 0),
(144, 1, '2024-03-02', 7, 9, '7', 6, 0, 0),
(145, 2, '2024-03-09', 7, 8, '9', 2, 0, 0),
(146, 3, '2024-03-24', 7, 11, 'DNF', 0, 0, 0),
(147, 4, '2024-04-07', 7, 7, '9', 2, 0, 0),
(148, 5, '2024-04-21', 7, 18, '9', 9, 0, 0),
(149, 6, '2024-05-05', 7, 8, '6', 8, 0, 0),
(150, 7, '2024-05-19', 7, 8, '6', 8, 0, 0),
(151, 8, '2024-05-26', 7, 7, '7', 7, 0, 1),
(152, 9, '2024-06-09', 7, 7, '4', 13, 0, 1),
(153, 10, '2024-06-23', 7, 3, '3', 15, 0, 0),
(154, 11, '2024-06-30', 7, 5, '4', 15, 0, 0),
(155, 12, '2024-07-07', 7, 2, '1', 25, 0, 0),
(156, 13, '2024-07-21', 7, 5, '3', 15, 0, 0),
(157, 14, '2024-07-28', 7, 3, '1', 25, 0, 0),
(158, 15, '2024-08-25', 7, 14, '8', 4, 0, 0),
(159, 16, '2024-09-01', 7, 6, '5', 10, 0, 0),
(160, 17, '2024-09-15', 7, 19, '9', 2, 0, 0),
(161, 18, '2024-09-22', 7, 3, '6', 8, 0, 0),
(162, 19, '2024-10-20', 7, 17, 'DNF', 3, 0, 0),
(163, 20, '2024-10-27', 7, 6, '4', 12, 0, 0),
(164, 21, '2024-11-03', 7, 14, '10', 1, 0, 0),
(165, 22, '2024-11-23', 7, 10, '2', 18, 0, 0),
(166, 23, '2024-12-01', 7, 6, '12', 3, 0, 0),
(167, 24, '2024-12-08', 7, 16, '4', 12, 0, 0),
(168, 1, '2024-03-02', 28, 5, '2', 18, 0, 0),
(169, 2, '2024-03-09', 28, 3, '2', 18, 0, 0),
(170, 3, '2024-03-24', 28, 6, '5', 10, 0, 0),
(171, 4, '2024-04-07', 28, 2, '2', 18, 0, 0),
(172, 5, '2024-04-21', 28, 2, '3', 21, 0, 0),
(173, 6, '2024-05-05', 28, 4, '4', 18, 0, 0),
(174, 7, '2024-05-19', 28, 11, '8', 4, 0, 0),
(175, 8, '2024-05-26', 28, 16, 'DNF', 0, 0, 0),
(176, 9, '2024-06-09', 28, 16, 'DNF', 0, 0, 0),
(177, 10, '2024-06-23', 28, 11, '8', 4, 0, 0),
(178, 11, '2024-06-30', 28, 8, '7', 7, 0, 0),
(179, 12, '2024-07-07', 28, 20, '17', 0, 0, 0),
(180, 13, '2024-07-21', 28, 16, '7', 6, 0, 0),
(181, 14, '2024-07-28', 28, 2, '7', 7, 0, 1),
(182, 15, '2024-08-25', 28, 5, '6', 8, 0, 0),
(183, 16, '2024-09-01', 28, 8, '8', 4, 0, 0),
(184, 17, '2024-09-15', 28, 4, '17', 0, 0, 0),
(185, 18, '2024-09-22', 28, 13, '10', 1, 0, 0),
(186, 19, '2024-10-20', 28, 9, '7', 6, 0, 0),
(187, 20, '2024-10-27', 28, 18, '17', 0, 0, 0),
(188, 21, '2024-11-03', 28, 12, '11', 1, 0, 0),
(189, 22, '2024-11-23', 28, 15, '10', 1, 0, 0),
(190, 23, '2024-12-01', 28, 9, 'DNF', 0, 0, 0),
(191, 24, '2024-12-08', 28, 10, 'DNF', 0, 0, 0),
(192, 1, '2024-03-02', 1, 6, '9', 2, 0, 0),
(193, 2, '2024-03-09', 1, 4, '5', 10, 0, 0),
(194, 3, '2024-03-24', 1, 10, '8', 4, 0, 0),
(195, 4, '2024-04-07', 1, 5, '6', 8, 0, 0),
(196, 5, '2024-04-21', 1, 3, '7', 7, 0, 1),
(197, 6, '2024-05-05', 1, 15, '9', 2, 0, 0),
(198, 7, '2024-05-19', 1, 20, '19', 0, 0, 0),
(199, 8, '2024-05-26', 1, 14, '11', 0, 0, 0),
(200, 9, '2024-06-09', 1, 6, '6', 8, 0, 0),
(201, 10, '2024-06-23', 1, 10, '12', 0, 0, 0),
(202, 11, '2024-06-30', 1, 15, '18', 0, 0, 1),
(203, 12, '2024-07-07', 1, 10, '8', 4, 0, 0),
(204, 13, '2024-07-21', 1, 7, '11', 0, 0, 0),
(205, 14, '2024-07-28', 1, 8, '8', 4, 0, 0),
(206, 15, '2024-08-25', 1, 7, '10', 1, 0, 0),
(207, 16, '2024-09-01', 1, 11, '11', 0, 0, 0),
(208, 17, '2024-09-15', 1, 7, '6', 8, 0, 0),
(209, 18, '2024-09-22', 1, 7, '8', 4, 0, 0),
(210, 19, '2024-10-20', 1, 7, '13', 0, 0, 0),
(211, 20, '2024-10-27', 1, 13, 'DNF', 0, 0, 0),
(212, 21, '2024-11-03', 1, 9, '14', 0, 0, 0),
(213, 22, '2024-11-23', 1, 16, '11', 0, 0, 0),
(214, 23, '2024-12-01', 1, 8, '7', 6, 0, 0),
(215, 24, '2024-12-08', 1, 8, '9', 2, 0, 0),
(216, 1, '2024-03-02', 5, 20, '18', 0, 0, 0),
(217, 2, '2024-03-09', 5, 18, 'DNF', 0, 0, 0),
(218, 3, '2024-03-24', 5, 17, '13', 0, 0, 0),
(219, 4, '2024-04-07', 5, 17, '16', 0, 0, 0),
(220, 5, '2024-04-21', 5, 15, '13', 0, 0, 0),
(221, 6, '2024-05-05', 5, 12, '12', 0, 0, 0),
(222, 7, '2024-05-19', 5, 15, '16', 0, 0, 0),
(223, 8, '2024-05-26', 5, 10, '10', 1, 0, 0),
(224, 9, '2024-06-09', 5, 15, '9', 2, 0, 0),
(225, 10, '2024-06-23', 5, 7, '9', 2, 0, 0),
(226, 11, '2024-06-30', 5, 13, '10', 1, 0, 0),
(227, 12, '2024-07-07', 5, 19, 'DNS', 0, 0, 0),
(228, 13, '2024-07-21', 5, 20, 'DNF', 0, 0, 0),
(229, 14, '2024-07-28', 5, 12, '13', 0, 0, 0),
(230, 15, '2024-08-25', 5, 9, '9', 2, 0, 0),
(231, 16, '2024-09-01', 5, 14, '15', 0, 0, 0),
(232, 17, '2024-09-15', 5, 18, '12', 0, 0, 0),
(233, 18, '2024-09-22', 5, 18, '17', 0, 0, 0),
(234, 19, '2024-10-20', 5, 6, '12', 0, 0, 0),
(235, 20, '2024-10-27', 5, 8, '10', 1, 0, 0),
(236, 21, '2024-11-03', 5, 13, '3', 17, 0, 0),
(237, 22, '2024-11-23', 5, 3, 'DNF', 0, 0, 0),
(238, 23, '2024-12-01', 5, 11, '5', 10, 0, 0),
(239, 24, '2024-12-08', 5, 5, '7', 6, 0, 0),
(240, 1, '2024-03-02', 10, 10, '16', 0, 0, 0),
(241, 2, '2024-03-09', 10, 15, '10', 1, 0, 0),
(242, 3, '2024-03-24', 10, 16, '9', 2, 0, 0),
(243, 4, '2024-04-07', 10, 12, '11', 0, 0, 0),
(244, 5, '2024-04-21', 10, 9, '10', 1, 0, 0),
(245, 6, '2024-05-05', 10, 9, '11', 2, 0, 0),
(246, 7, '2024-05-19', 10, 10, '11', 0, 0, 0),
(247, 8, '2024-05-26', 10, 19, 'DNF', 0, 0, 0),
(248, 9, '2024-06-09', 10, 17, '11', 0, 0, 0),
(249, 10, '2024-06-23', 10, 13, '11', 0, 0, 0),
(250, 11, '2024-06-30', 10, 9, '6', 8, 0, 0),
(251, 12, '2024-07-07', 10, 6, '6', 8, 0, 0),
(252, 13, '2024-07-21', 10, 11, '13', 0, 0, 0),
(253, 14, '2024-07-28', 10, 16, '18', 0, 0, 0),
(254, 15, '2024-08-25', 10, 12, '11', 0, 0, 0),
(255, 16, '2024-09-01', 10, 10, '17', 0, 0, 0),
(256, 17, '2024-09-15', 10, 12, '11', 0, 0, 0),
(257, 18, '2024-09-22', 10, 6, '9', 2, 0, 0),
(258, 19, '2024-10-20', 10, 11, '8', 5, 0, 0),
(259, 20, '2024-10-27', 10, 10, '9', 2, 0, 0),
(260, 21, '2024-11-03', 10, 18, 'DSQ', 0, 0, 0),
(261, 22, '2024-11-23', 10, 9, '8', 4, 0, 0),
(262, 23, '2024-12-01', 10, 18, 'DNF', 2, 0, 0),
(263, 24, '2024-12-08', 10, 7, '8', 4, 0, 0),
(264, 1, '2024-03-02', 18, 11, '14', 0, 0, 0),
(265, 2, '2024-03-09', 18, 9, '15', 0, 0, 0),
(266, 3, '2024-03-24', 18, 8, '7', 6, 0, 0),
(267, 4, '2024-04-07', 18, 10, '10', 1, 0, 0),
(268, 5, '2024-04-21', 18, 19, 'DNF', 0, 0, 0),
(269, 6, '2024-05-05', 18, 10, '7', 7, 0, 0),
(270, 7, '2024-05-19', 18, 7, '10', 1, 0, 0),
(271, 8, '2024-05-26', 18, 8, '8', 4, 0, 0),
(272, 9, '2024-06-09', 18, 8, '14', 0, 0, 0),
(273, 10, '2024-06-23', 18, 17, '19', 0, 0, 0),
(274, 11, '2024-06-30', 18, 14, '14', 0, 0, 0),
(275, 12, '2024-07-07', 18, 13, '10', 1, 0, 0),
(276, 13, '2024-07-21', 18, 10, '9', 2, 0, 0),
(277, 14, '2024-07-28', 18, 20, '16', 0, 0, 0),
(278, 15, '2024-08-25', 18, 11, '17', 0, 0, 0),
(279, 16, '2024-09-01', 18, 16, 'DNF', 0, 0, 0),
(280, 17, '2024-09-15', 18, 11, 'DNF', 0, 0, 0),
(281, 18, '2024-09-22', 18, 8, '12', 0, 0, 0),
(282, 19, '2024-10-20', 18, 10, '14', 0, 0, 0),
(283, 20, '2024-10-27', 18, 11, 'DNF', 0, 0, 0),
(284, 21, '2024-11-03', 18, 3, '7', 6, 0, 0),
(285, 22, '2024-11-23', 18, 7, '9', 2, 0, 0),
(286, 23, '2024-12-01', 18, 14, '13', 0, 0, 0),
(287, 24, '2024-12-08', 18, 11, '12', 0, 0, 0),
(288, 1, '2024-03-02', 2, 12, '10', 1, 0, 0),
(289, 2, '2024-03-09', 2, 10, 'DNF', 0, 0, 0),
(290, 3, '2024-03-24', 2, 9, '6', 8, 0, 0),
(291, 4, '2024-04-07', 2, 16, '12', 0, 0, 0),
(292, 5, '2024-04-21', 2, 11, '15', 0, 0, 0),
(293, 6, '2024-05-05', 2, 11, '17', 0, 0, 0),
(294, 7, '2024-05-19', 2, 13, '9', 2, 0, 0),
(295, 8, '2024-05-26', 2, 13, '14', 0, 0, 0),
(296, 9, '2024-06-09', 2, 9, '7', 6, 0, 0),
(297, 10, '2024-06-23', 2, 14, '14', 0, 0, 0),
(298, 11, '2024-06-30', 2, 17, '13', 0, 0, 0),
(299, 12, '2024-07-07', 2, 8, '7', 6, 0, 0),
(300, 13, '2024-07-21', 2, 8, '10', 1, 0, 0),
(301, 14, '2024-07-28', 2, 15, '11', 0, 0, 0),
(302, 15, '2024-08-25', 2, 8, '13', 0, 0, 0),
(303, 16, '2024-09-01', 2, 17, '19', 0, 0, 0),
(304, 17, '2024-09-15', 2, 13, '19', 0, 0, 0),
(305, 18, '2024-09-22', 2, 17, '14', 0, 0, 0),
(306, 19, '2024-10-20', 2, 13, '15', 0, 0, 0),
(307, 20, '2024-10-27', 2, 14, '11', 0, 0, 0),
(308, 21, '2024-11-03', 2, 10, 'DNS', 0, 0, 0),
(309, 22, '2024-11-23', 2, 18, '15', 0, 0, 0),
(310, 23, '2024-12-01', 2, 15, 'DNF', 0, 0, 0),
(311, 24, '2024-12-08', 2, 13, '14', 0, 0, 0),
(312, 1, '2024-03-02', 6, 19, '17', 0, 0, 0),
(313, 2, '2024-03-09', 6, 17, '13', 0, 0, 0),
(314, 3, '2024-03-24', 6, 15, '16', 0, 0, 0),
(315, 4, '2024-04-07', 6, 15, '15', 0, 0, 0),
(316, 5, '2024-04-21', 6, 13, '11', 0, 0, 0),
(317, 6, '2024-05-05', 6, 13, '10', 1, 0, 0),
(318, 7, '2024-05-19', 6, 12, '14', 0, 0, 0),
(319, 8, '2024-05-26', 6, 11, 'DNF', 0, 0, 0),
(320, 9, '2024-06-09', 6, 18, '10', 1, 0, 0),
(321, 10, '2024-06-23', 6, 8, '10', 1, 0, 0),
(322, 11, '2024-06-30', 6, 10, '12', 0, 0, 0),
(323, 12, '2024-07-07', 6, 18, '16', 0, 0, 0),
(324, 13, '2024-07-21', 6, 19, '18', 0, 0, 0),
(325, 14, '2024-07-28', 6, 9, '9', 2, 0, 0),
(326, 15, '2024-08-25', 6, 15, '15', 0, 0, 0),
(327, 16, '2024-09-01', 6, 15, '14', 0, 0, 0),
(328, 17, '2024-09-15', 6, 20, '15', 0, 0, 0),
(329, 18, '2024-09-22', 6, 15, '13', 0, 0, 0),
(330, 19, '2024-10-20', 6, 12, '18', 0, 0, 1),
(331, 20, '2024-10-27', 6, 20, '13', 0, 0, 0),
(332, 21, '2024-11-03', 6, 4, '2', 18, 0, 0),
(333, 22, '2024-11-23', 6, 11, '17', 0, 0, 0),
(334, 23, '2024-12-01', 6, 20, 'DNF', 0, 0, 0),
(335, 1, '2024-03-02', 29, 15, '12', 0, 0, 0),
(336, 2, '2024-03-09', 29, 13, '12', 0, 0, 0),
(337, 3, '2024-03-24', 29, 14, '10', 1, 0, 0),
(338, 4, '2024-04-07', 29, 18, '13', 0, 0, 0),
(339, 5, '2024-04-21', 29, 17, '16', 0, 0, 0),
(340, 6, '2024-05-05', 29, 18, '19', 0, 0, 0),
(341, 7, '2024-05-19', 29, 18, '12', 0, 0, 0),
(342, 8, '2024-05-26', 29, 20, 'DNF', 0, 0, 0),
(343, 9, '2024-06-09', 29, 14, '12', 0, 0, 0),
(344, 10, '2024-06-23', 29, 16, '17', 0, 0, 0),
(345, 11, '2024-06-30', 29, 12, '8', 4, 0, 0),
(346, 12, '2024-07-07', 29, 17, '12', 0, 0, 0),
(347, 13, '2024-07-21', 29, 15, '15', 0, 0, 0),
(348, 14, '2024-07-28', 29, 17, '14', 0, 0, 0),
(349, 15, '2024-08-25', 29, 20, '18', 0, 0, 0),
(350, 16, '2024-09-01', 29, 13, '10', 1, 0, 0),
(351, 18, '2024-09-22', 29, 14, '19', 0, 0, 0),
(352, 19, '2024-10-20', 29, 8, '11', 2, 0, 0),
(353, 20, '2024-10-27', 29, 7, '7', 6, 0, 0),
(354, 22, '2024-11-23', 29, 12, '12', 0, 0, 0),
(355, 23, '2024-12-01', 29, 10, '9', 2, 0, 0),
(356, 24, '2024-12-08', 29, 14, '16', 0, 0, 1),
(357, 1, '2024-03-02', 20, 13, '15', 0, 0, 0),
(358, 2, '2024-03-09', 20, 12, '11', 0, 0, 0),
(359, 3, '2024-03-24', 20, 12, '11', 0, 0, 0),
(360, 4, '2024-04-07', 20, 14, 'DNF', 0, 0, 0),
(361, 5, '2024-04-21', 20, 14, '12', 0, 0, 0),
(362, 6, '2024-05-05', 20, 14, '18', 0, 0, 0),
(363, 7, '2024-05-19', 20, 14, 'DNF', 0, 0, 0),
(364, 8, '2024-05-26', 20, 9, '9', 2, 0, 0),
(365, 9, '2024-06-09', 20, 10, 'DNF', 0, 0, 0),
(366, 10, '2024-06-23', 20, 20, '18', 0, 0, 0),
(367, 11, '2024-06-30', 20, 16, '15', 0, 0, 0),
(368, 12, '2024-07-07', 20, 9, '9', 2, 0, 0),
(369, 13, '2024-07-21', 20, 13, '14', 0, 0, 0),
(370, 14, '2024-07-28', 20, 10, '12', 0, 0, 0),
(371, 15, '2024-08-25', 20, 19, '14', 0, 0, 0),
(372, 16, '2024-09-01', 20, 9, '9', 2, 0, 0),
(373, 17, '2024-09-15', 20, 9, '7', 6, 0, 0),
(374, 18, '2024-09-22', 20, 11, 'DNF', 0, 0, 0),
(375, 19, '2024-10-20', 20, 14, '16', 0, 0, 0),
(376, 20, '2024-10-27', 20, 9, 'DNF', 0, 0, 0),
(377, 21, '2024-11-03', 20, 7, 'DNS', 0, 0, 0),
(378, 22, '2024-11-23', 20, 17, 'DNF', 0, 0, 0),
(379, 23, '2024-12-01', 20, 16, '15', 0, 0, 0),
(380, 24, '2024-12-08', 20, 18, '11', 0, 0, 0),
(381, 1, '2024-03-02', 30, 14, '13', 0, 0, 0),
(382, 2, '2024-03-09', 30, 14, '16', 0, 0, 0),
(383, 3, '2024-03-24', 30, 18, '12', 0, 0, 0),
(384, 4, '2024-04-07', 30, 11, 'DNF', 0, 0, 0),
(385, 5, '2024-04-21', 30, 12, 'DNF', 0, 0, 0),
(386, 6, '2024-05-05', 30, 20, '15', 5, 0, 0),
(387, 7, '2024-05-19', 30, 9, '13', 0, 0, 0),
(388, 8, '2024-05-26', 30, 12, '12', 0, 0, 0),
(389, 9, '2024-06-09', 30, 5, '8', 4, 0, 0),
(390, 10, '2024-06-23', 30, 18, '15', 0, 0, 0),
(391, 11, '2024-06-30', 30, 11, '9', 2, 0, 0),
(392, 12, '2024-07-07', 30, 15, '13', 0, 0, 0),
(393, 13, '2024-07-21', 30, 9, '12', 0, 0, 0),
(394, 14, '2024-07-28', 30, 13, '10', 1, 0, 0),
(395, 15, '2024-08-25', 30, 13, '12', 0, 0, 0),
(396, 16, '2024-09-01', 30, 12, '13', 0, 0, 0),
(397, 17, '2024-09-15', 30, 14, '13', 0, 0, 0),
(398, 18, '2024-09-22', 30, 16, '18', 0, 0, 1),
(399, 2, '2024-03-09', 24, 11, '7', 6, 0, 0),
(400, 17, '2024-09-15', 24, 10, '10', 1, 0, 0),
(401, 21, '2024-11-03', 24, 15, '12', 0, 0, 0),
(402, 16, '2024-09-01', 31, 18, '12', 0, 0, 0),
(403, 17, '2024-09-15', 31, 8, '8', 4, 0, 0),
(404, 18, '2024-09-22', 31, 12, '11', 0, 0, 0),
(405, 19, '2024-10-20', 31, 15, '10', 1, 0, 0),
(406, 20, '2024-10-27', 31, 16, '12', 0, 0, 0),
(407, 21, '2024-11-03', 31, 16, 'DNF', 0, 0, 0),
(408, 22, '2024-11-23', 31, 20, '14', 0, 0, 0),
(409, 23, '2024-12-01', 31, 19, 'DNF', 0, 0, 0),
(410, 24, '2024-12-08', 31, 20, 'DNF', 0, 0, 0),
(411, 1, '2024-03-02', 32, 17, '11', 0, 0, 0),
(412, 2, '2024-03-09', 32, 20, '18', 0, 0, 0),
(413, 3, '2024-03-24', 32, 19, '15', 0, 0, 0),
(414, 4, '2024-04-07', 32, 20, 'DNF', 0, 0, 0),
(415, 5, '2024-04-21', 32, 16, '14', 0, 0, 0),
(416, 6, '2024-05-05', 32, 19, '14', 0, 0, 0),
(417, 7, '2024-05-19', 32, 17, '15', 0, 0, 0),
(418, 8, '2024-05-26', 32, 18, '16', 0, 0, 0),
(419, 9, '2024-06-09', 32, 20, '15', 0, 0, 0),
(420, 10, '2024-06-23', 32, 15, '13', 0, 0, 0),
(421, 11, '2024-06-30', 32, 20, '17', 0, 0, 0),
(422, 12, '2024-07-07', 32, 14, '18', 0, 0, 0),
(423, 13, '2024-07-21', 32, 18, '19', 0, 0, 0),
(424, 14, '2024-07-28', 32, 19, 'DNF', 0, 0, 0),
(425, 15, '2024-08-25', 32, 17, '20', 0, 0, 0),
(426, 16, '2024-09-01', 32, 20, '18', 0, 0, 0),
(427, 17, '2024-09-15', 32, 17, '14', 0, 0, 0),
(428, 18, '2024-09-22', 32, 20, '15', 0, 0, 0),
(429, 19, '2024-10-20', 32, 18, '19', 0, 0, 0),
(430, 20, '2024-10-27', 32, 19, '15', 0, 0, 0),
(431, 21, '2024-11-03', 32, 19, '15', 0, 0, 0),
(432, 22, '2024-11-23', 32, 13, '13', 0, 0, 0),
(433, 23, '2024-12-01', 32, 12, '8', 4, 0, 0),
(434, 24, '2024-12-08', 32, 15, '13', 0, 0, 0),
(435, 19, '2024-10-20', 22, 19, '9', 2, 0, 0),
(436, 20, '2024-10-27', 22, 12, '16', 0, 0, 0),
(437, 21, '2024-11-03', 22, 5, '9', 2, 0, 0),
(438, 22, '2024-11-23', 22, 14, '16', 0, 0, 0),
(439, 23, '2024-12-01', 22, 17, '14', 0, 0, 0),
(440, 24, '2024-12-08', 22, 12, '17', 0, 0, 0),
(441, 1, '2024-03-02', 33, 16, '19', 0, 0, 0),
(442, 2, '2024-03-09', 33, 16, '17', 0, 0, 0),
(443, 3, '2024-03-24', 33, 13, '14', 0, 0, 0),
(444, 4, '2024-04-07', 33, 13, '14', 0, 0, 0),
(445, 5, '2024-04-21', 33, 10, 'DNF', 0, 0, 0),
(446, 6, '2024-05-05', 33, 16, '16', 0, 0, 0),
(447, 7, '2024-05-19', 33, 16, '18', 0, 0, 0),
(448, 8, '2024-05-26', 33, 17, '13', 0, 0, 0),
(449, 9, '2024-06-09', 33, 19, '13', 0, 0, 0),
(450, 10, '2024-06-23', 33, 12, '16', 0, 0, 0),
(451, 11, '2024-06-30', 33, 18, '16', 0, 0, 0),
(452, 12, '2024-07-07', 33, 16, '15', 0, 0, 0),
(453, 13, '2024-07-21', 33, 12, '16', 0, 0, 0),
(454, 14, '2024-07-28', 33, 14, '15', 0, 0, 0),
(455, 15, '2024-08-25', 33, 16, '19', 0, 0, 0),
(456, 16, '2024-09-01', 33, 19, '16', 0, 0, 0),
(457, 17, '2024-09-15', 33, 16, '16', 0, 0, 0),
(458, 18, '2024-09-22', 33, 19, '16', 0, 0, 0),
(459, 19, '2024-10-20', 33, 16, '17', 0, 0, 0),
(460, 20, '2024-10-27', 33, 15, '14', 0, 0, 0),
(461, 21, '2024-11-03', 33, 11, '13', 0, 0, 0),
(462, 22, '2024-11-23', 33, 19, '18', 0, 0, 0),
(463, 23, '2024-12-01', 33, 13, '11', 0, 0, 0),
(464, 24, '2024-12-08', 33, 9, 'DNF', 0, 0, 0),
(465, 1, '2024-03-02', 34, 18, '20', 0, 0, 0),
(466, 2, '2024-03-09', 34, 19, '14', 0, 0, 0),
(467, 4, '2024-04-07', 34, 19, '17', 0, 0, 0),
(468, 5, '2024-04-21', 34, 20, '17', 0, 0, 0),
(469, 6, '2024-05-05', 34, 17, 'DNF', 0, 0, 0),
(470, 7, '2024-05-19', 34, 19, '17', 0, 0, 0),
(471, 8, '2024-05-26', 34, 15, '15', 0, 0, 0),
(472, 9, '2024-06-09', 34, 13, 'DNF', 0, 0, 0),
(473, 10, '2024-06-23', 34, 19, '20', 0, 0, 0),
(474, 11, '2024-06-30', 34, 19, '19', 0, 0, 0),
(475, 12, '2024-07-07', 34, 12, '11', 0, 0, 0),
(476, 13, '2024-07-21', 34, 14, '17', 0, 0, 0),
(477, 14, '2024-07-28', 34, 18, '17', 0, 0, 0),
(478, 15, '2024-08-25', 34, 18, '16', 0, 0, 0),
(479, 24, '2024-12-08', 21, 17, '15', 0, 0, 0),
(480, 3, '2025-03-16', 3, 1, '1', 25, 1, 1),
(481, 5, '2025-03-23', 3, 3, '2', 19, 0, 1),
(482, 3, '2025-03-16', 11, 3, '2', 18, 0, 0),
(483, 5, '2025-03-23', 11, 4, '4', 18, 0, 0),
(484, 3, '2025-03-16', 8, 4, '3', 15, 0, 0),
(485, 5, '2025-03-23', 8, 2, '3', 20, 0, 0),
(486, 3, '2025-03-16', 4, 2, '9', 2, 0, 0),
(487, 5, '2025-03-23', 4, 1, '1', 32, 1, 0),
(488, 3, '2025-03-16', 25, 16, '4', 12, 0, 0),
(489, 5, '2025-03-23', 25, 8, '6', 10, 0, 0),
(490, 3, '2025-03-16', 20, 6, '5', 10, 0, 0),
(491, 5, '2025-03-23', 20, 10, '7', 6, 0, 0),
(492, 3, '2025-03-16', 6, 19, '13', 0, 0, 0),
(493, 5, '2025-03-23', 6, 11, '5', 10, 0, 0),
(494, 3, '2025-03-16', 2, 13, '6', 8, 0, 0),
(495, 5, '2025-03-23', 2, 14, '9', 2, 0, 0),
(496, 3, '2025-03-16', 7, 8, '10', 1, 0, 0),
(497, 5, '2025-03-23', 7, 5, 'DSQ', 8, 0, 0),
(498, 3, '2025-03-16', 13, 7, '8', 4, 0, 0),
(499, 5, '2025-03-23', 13, 6, 'DSQ', 4, 0, 0),
(500, 3, '2025-03-16', 10, 17, '7', 6, 0, 0),
(501, 5, '2025-03-23', 10, 12, '15', 0, 0, 0),
(502, 3, '2025-03-16', 24, 20, '14', 0, 0, 0),
(503, 5, '2025-03-23', 24, 17, '8', 4, 0, 0),
(504, 3, '2025-03-16', 18, 5, '12', 0, 0, 0),
(505, 5, '2025-03-23', 18, 9, '16', 3, 0, 0),
(506, 5, '2025-03-23', 14, 15, '10', 1, 0, 0),
(507, 3, '2025-03-16', 5, 9, '11', 0, 0, 0),
(508, 5, '2025-03-23', 5, 16, 'DSQ', 0, 0, 0),
(509, 5, '2025-03-23', 27, 7, '11', 0, 0, 0),
(510, 5, '2025-03-23', 22, 20, '12', 0, 0, 0),
(511, 5, '2025-03-23', 21, 18, '13', 0, 0, 0),
(512, 5, '2025-03-23', 26, 19, '14', 0, 0, 0);

-- --------------------------------------------------------

--
-- Структура таблицы `t_teams`
--

CREATE TABLE `t_teams` (
  `ID` int(11) NOT NULL COMMENT 'Идентификатор записи (PK)',
  `TEAM` varchar(42) NOT NULL COMMENT 'Название команды',
  `ID_COUNTRY` int(11) NOT NULL COMMENT 'Идентификатор страны (FK)'
) ENGINE=InnoDB DEFAULT CHARSET=utf8 COMMENT='Таблица команд';

--
-- Дамп данных таблицы `t_teams`
--

INSERT INTO `t_teams` (`ID`, `TEAM`, `ID_COUNTRY`) VALUES
(1, 'Aston Martin', 2),
(2, 'Alpine', 6),
(3, 'McLaren', 2),
(4, 'Haas', 7),
(5, 'Red Bull Racing', 8),
(6, 'Ferrari', 9),
(7, 'Sauber', 10),
(8, 'Red Bulls', 9),
(9, 'Williams', 2),
(10, 'Mercedes', 3);

-- --------------------------------------------------------

--
-- Структура таблицы `t_transfers`
--

CREATE TABLE `t_transfers` (
  `ID` int(11) NOT NULL COMMENT 'Идентификатор записи (PK)',
  `ID_DRIVER` int(11) NOT NULL COMMENT 'Идентификатор пилота (FK)',
  `ID_TEAM` int(11) NOT NULL COMMENT ' Идентификатор команды (FK)',
  `START_DATE` date NOT NULL COMMENT 'Дата начала выступления за команду',
  `END_DATE` date DEFAULT NULL COMMENT 'Дата окончания выступления за команду'
) ENGINE=InnoDB DEFAULT CHARSET=utf8 COMMENT='Таблица перемещений пилотов';

--
-- Дамп данных таблицы `t_transfers`
--

INSERT INTO `t_transfers` (`ID`, `ID_DRIVER`, `ID_TEAM`, `START_DATE`, `END_DATE`) VALUES
(32, 1, 1, '2023-01-01', NULL),
(33, 2, 1, '2021-01-01', NULL),
(34, 20, 9, '2022-01-01', NULL),
(35, 14, 6, '2021-01-01', '2024-12-31'),
(36, 14, 9, '2025-01-01', NULL),
(37, 21, 2, '2024-12-06', NULL),
(38, 5, 2, '2023-01-01', NULL),
(39, 3, 3, '2019-01-01', NULL),
(40, 4, 3, '2023-01-01', NULL),
(41, 25, 10, '2025-01-01', NULL),
(42, 8, 10, '2022-01-01', NULL),
(43, 6, 2, '2021-01-01', '2024-12-31'),
(44, 6, 4, '2025-01-01', NULL),
(45, 11, 8, '2016-05-13', NULL),
(46, 22, 5, '2024-10-18', '2024-12-31'),
(47, 22, 8, '2025-01-01', NULL),
(48, 13, 6, '2019-01-01', NULL),
(49, 7, 10, '2013-01-01', '2024-12-31'),
(50, 7, 6, '2025-01-01', NULL),
(51, 26, 7, '2025-01-01', NULL),
(52, 10, 4, '2023-01-01', '2024-12-31'),
(53, 10, 7, '2025-01-01', NULL),
(54, 27, 5, '2025-01-01', NULL),
(55, 18, 5, '2021-01-01', NULL),
(62, 24, 6, '2024-03-07', '2024-09-12'),
(63, 24, 4, '2024-09-13', NULL),
(64, 28, 8, '2021-01-01', '2024-12-31'),
(65, 29, 4, '2022-01-01', '2024-12-31'),
(66, 30, 5, '2023-07-21', '2024-09-22'),
(67, 31, 9, '2024-08-30', '2024-12-31'),
(68, 33, 7, '2024-01-01', '2024-12-31'),
(69, 32, 7, '2024-01-01', '2024-12-31'),
(70, 34, 9, '2023-01-01', '2024-08-29');

--
-- Индексы сохранённых таблиц
--

--
-- Индексы таблицы `d_countries`
--
ALTER TABLE `d_countries`
  ADD PRIMARY KEY (`ID`);

--
-- Индексы таблицы `t_drivers`
--
ALTER TABLE `t_drivers`
  ADD PRIMARY KEY (`ID`),
  ADD KEY `ID_COUNTRY` (`ID_COUNTRY`);

--
-- Индексы таблицы `t_grand_prix`
--
ALTER TABLE `t_grand_prix`
  ADD PRIMARY KEY (`ID`),
  ADD KEY `ID_COUNTRY` (`ID_COUNTRY`);

--
-- Индексы таблицы `t_standings`
--
ALTER TABLE `t_standings`
  ADD PRIMARY KEY (`ID`),
  ADD KEY `ID_GRAND_PRIX` (`ID_GRAND_PRIX`),
  ADD KEY `ID_DRIVER` (`ID_DRIVER`);

--
-- Индексы таблицы `t_teams`
--
ALTER TABLE `t_teams`
  ADD PRIMARY KEY (`ID`),
  ADD KEY `ID_COUNTRY` (`ID_COUNTRY`);

--
-- Индексы таблицы `t_transfers`
--
ALTER TABLE `t_transfers`
  ADD PRIMARY KEY (`ID`),
  ADD KEY `ID_DRIVER` (`ID_DRIVER`),
  ADD KEY `ID_TEAM` (`ID_TEAM`);

--
-- AUTO_INCREMENT для сохранённых таблиц
--

--
-- AUTO_INCREMENT для таблицы `d_countries`
--
ALTER TABLE `d_countries`
  MODIFY `ID` int(11) NOT NULL AUTO_INCREMENT COMMENT 'Идентификатор записи (PK)', AUTO_INCREMENT=33;

--
-- AUTO_INCREMENT для таблицы `t_drivers`
--
ALTER TABLE `t_drivers`
  MODIFY `ID` int(11) NOT NULL AUTO_INCREMENT COMMENT 'Идентификатор записи (PK)', AUTO_INCREMENT=35;

--
-- AUTO_INCREMENT для таблицы `t_grand_prix`
--
ALTER TABLE `t_grand_prix`
  MODIFY `ID` int(11) NOT NULL AUTO_INCREMENT COMMENT 'Идентификатор записи (PK)', AUTO_INCREMENT=25;

--
-- AUTO_INCREMENT для таблицы `t_standings`
--
ALTER TABLE `t_standings`
  MODIFY `ID` int(11) NOT NULL AUTO_INCREMENT COMMENT 'Идентификатор записи (PK)', AUTO_INCREMENT=513;

--
-- AUTO_INCREMENT для таблицы `t_teams`
--
ALTER TABLE `t_teams`
  MODIFY `ID` int(11) NOT NULL AUTO_INCREMENT COMMENT 'Идентификатор записи (PK)', AUTO_INCREMENT=15;

--
-- AUTO_INCREMENT для таблицы `t_transfers`
--
ALTER TABLE `t_transfers`
  MODIFY `ID` int(11) NOT NULL AUTO_INCREMENT COMMENT 'Идентификатор записи (PK)', AUTO_INCREMENT=71;

--
-- Ограничения внешнего ключа сохраненных таблиц
--

--
-- Ограничения внешнего ключа таблицы `t_drivers`
--
ALTER TABLE `t_drivers`
  ADD CONSTRAINT `t_drivers_ibfk_2` FOREIGN KEY (`ID_COUNTRY`) REFERENCES `d_countries` (`ID`);

--
-- Ограничения внешнего ключа таблицы `t_grand_prix`
--
ALTER TABLE `t_grand_prix`
  ADD CONSTRAINT `t_grand_prix_ibfk_1` FOREIGN KEY (`ID_COUNTRY`) REFERENCES `d_countries` (`ID`);

--
-- Ограничения внешнего ключа таблицы `t_standings`
--
ALTER TABLE `t_standings`
  ADD CONSTRAINT `t_standings_ibfk_1` FOREIGN KEY (`ID_GRAND_PRIX`) REFERENCES `t_grand_prix` (`ID`),
  ADD CONSTRAINT `t_standings_ibfk_2` FOREIGN KEY (`ID_DRIVER`) REFERENCES `t_drivers` (`ID`);

--
-- Ограничения внешнего ключа таблицы `t_teams`
--
ALTER TABLE `t_teams`
  ADD CONSTRAINT `t_teams_ibfk_1` FOREIGN KEY (`ID_COUNTRY`) REFERENCES `d_countries` (`ID`);

--
-- Ограничения внешнего ключа таблицы `t_transfers`
--
ALTER TABLE `t_transfers`
  ADD CONSTRAINT `t_transfers_ibfk_1` FOREIGN KEY (`ID_DRIVER`) REFERENCES `t_drivers` (`ID`),
  ADD CONSTRAINT `t_transfers_ibfk_2` FOREIGN KEY (`ID_TEAM`) REFERENCES `t_teams` (`ID`);
COMMIT;

/*!40101 SET CHARACTER_SET_CLIENT=@OLD_CHARACTER_SET_CLIENT */;
/*!40101 SET CHARACTER_SET_RESULTS=@OLD_CHARACTER_SET_RESULTS */;
/*!40101 SET COLLATION_CONNECTION=@OLD_COLLATION_CONNECTION */;
